[
  {
    "value": "Albergue Juan",
    "synonyms": [
      "Albergue Juan",
      "Juan",
      "albergue",
      "Albergue de juan"
    ]
  },
  {
    "value": "Hotel la estrella",
    "synonyms": [
      "Hotel la estrella",
      "La estrella",
      "Hotel"
    ]
  },
  {
    "value": "Capsula Inn",
    "synonyms": [
      "Capsula Inn",
      "Inn",
      "Capsula"
    ]
  },
  {
    "value": "Motel el cielo",
    "synonyms": [
      "Motel el cielo",
      "El cielo",
      "motel"
    ]
  }
]