[
  {
    "id": "af39a611-ab84-49a7-bc97-486d23b941a8",
    "data": [
      {
        "text": "Buenas Noches",
        "userDefined": false
      }
    ],
    "isTemplate": false,
    "count": 0
  },
  {
    "id": "6c796454-dc0a-4222-9c3a-14646fb74bf2",
    "data": [
      {
        "text": "Buenos días",
        "userDefined": false
      }
    ],
    "isTemplate": false,
    "count": 0
  },
  {
    "id": "61382dd3-bb49-4798-bf51-3aece5bf0600",
    "data": [
      {
        "text": "Buenas",
        "userDefined": false
      }
    ],
    "isTemplate": false,
    "count": 0
  },
  {
    "id": "e46127ed-7db0-4f29-8273-b0645aa410cf",
    "data": [
      {
        "text": "Hola",
        "userDefined": false
      }
    ],
    "isTemplate": false,
    "count": 0
  }
]