[
  {
    "id": "d966d52a-e42b-4c98-b8e2-fa58dd6c5340",
    "data": [
      {
        "text": "te equivocas",
        "userDefined": false
      }
    ],
    "isTemplate": false,
    "count": 0,
    "updated": 1516965898
  },
  {
    "id": "686c78cf-f6e1-4f1c-ab76-84544c5b1dd7",
    "data": [
      {
        "text": "no es correcto",
        "userDefined": false
      }
    ],
    "isTemplate": false,
    "count": 0,
    "updated": 1516965898
  },
  {
    "id": "e7a1aaaf-305b-47fa-8584-8a2f6d88d457",
    "data": [
      {
        "text": "asi no es",
        "userDefined": false
      }
    ],
    "isTemplate": false,
    "count": 0,
    "updated": 1516965898
  },
  {
    "id": "a257cebb-9953-4111-ad39-ee0f1fb5eb8c",
    "data": [
      {
        "text": "No",
        "userDefined": false
      }
    ],
    "isTemplate": false,
    "count": 0,
    "updated": 1516965898
  }
]