[
  {
    "id": "f48a790b-27cb-48e9-9650-59e359ef526a",
    "data": [
      {
        "text": "Quiero reservar en el @Hotel:Hotel la habitación @Room:Room y pagar con @Pago:Pago",
        "userDefined": false
      }
    ],
    "isTemplate": true,
    "count": 0
  },
  {
    "id": "351f34e7-203f-4a32-b973-7804d1e362c4",
    "data": [
      {
        "text": "quiero pagar con ",
        "userDefined": false
      },
      {
        "text": "tarjeta",
        "alias": "Pago",
        "meta": "@Pago",
        "userDefined": false
      }
    ],
    "isTemplate": false,
    "count": 0
  },
  {
    "id": "a2cd5c9e-8618-4361-839c-2c222c4d0005",
    "data": [
      {
        "text": "Quisiera pagar con ",
        "userDefined": false
      },
      {
        "text": "efectivo",
        "alias": "Pago",
        "meta": "@Pago",
        "userDefined": false
      }
    ],
    "isTemplate": false,
    "count": 0
  },
  {
    "id": "934c3093-731f-4ec5-bb67-21d5d22b69bd",
    "data": [
      {
        "text": "busco el ",
        "userDefined": false
      },
      {
        "text": "albergue de juan",
        "alias": "Hotel",
        "meta": "@Hotel",
        "userDefined": true
      }
    ],
    "isTemplate": false,
    "count": 0
  },
  {
    "id": "0c5e298b-39f8-47f4-9ebc-4ce476898b53",
    "data": [
      {
        "text": "Busco el hotel @Hotel:Hotel",
        "userDefined": false
      }
    ],
    "isTemplate": true,
    "count": 0
  },
  {
    "id": "8b21b6cc-5988-4415-b13d-169b36a8af80",
    "data": [
      {
        "text": "El @Hotel:Hotel",
        "userDefined": false
      }
    ],
    "isTemplate": true,
    "count": 0
  },
  {
    "id": "8a9c47aa-bbc3-41cf-99e1-3cc3bc58eac0",
    "data": [
      {
        "text": "quiero reservar en el hotel @Hotel:Hotel",
        "userDefined": false
      }
    ],
    "isTemplate": true,
    "count": 0
  },
  {
    "id": "d9a96241-e8fa-433c-8cfd-0483e333fd7e",
    "data": [
      {
        "text": "busco una habitación @Room:Room",
        "userDefined": false
      }
    ],
    "isTemplate": true,
    "count": 0
  },
  {
    "id": "1cc2a4a9-02ff-47e3-b184-ccf67168a8d0",
    "data": [
      {
        "text": "quiero reservar @number:number  habitaciones @Room:Room en @Hotel:Hotel",
        "userDefined": false
      }
    ],
    "isTemplate": true,
    "count": 0,
    "updated": 1516724976
  },
  {
    "id": "6ad84ab4-410f-494c-83dd-52d883d843ef",
    "data": [
      {
        "text": "Hola quiero reservar la habitacion @Room:Room en  @Hotel:Hotel",
        "userDefined": false
      }
    ],
    "isTemplate": true,
    "count": 0,
    "updated": 1516724976
  }
]