[
  {
    "id": "cfd2cc46-6ee8-4ae2-8257-3947f1b0d691",
    "data": [
      {
        "text": "eso es",
        "userDefined": false
      }
    ],
    "isTemplate": false,
    "count": 0,
    "updated": 1516724505
  },
  {
    "id": "9b73b6b7-5c4b-448f-8576-07e2ccdb399f",
    "data": [
      {
        "text": "Correcto",
        "userDefined": false
      }
    ],
    "isTemplate": false,
    "count": 0,
    "updated": 1516724505
  },
  {
    "id": "c3007502-b79f-4ce2-a7c1-0a6cb063d82d",
    "data": [
      {
        "text": "Así es",
        "userDefined": false
      }
    ],
    "isTemplate": false,
    "count": 0,
    "updated": 1516724505
  },
  {
    "id": "a2d099c9-5322-4130-8aec-7a0a265e83cb",
    "data": [
      {
        "text": "Me parece",
        "userDefined": false
      }
    ],
    "isTemplate": false,
    "count": 0,
    "updated": 1516724505
  },
  {
    "id": "86b88bb5-2d62-47ca-a187-06352bb6c635",
    "data": [
      {
        "text": "Perfecto",
        "userDefined": false
      }
    ],
    "isTemplate": false,
    "count": 0,
    "updated": 1516724505
  },
  {
    "id": "118fcf7e-5040-43ad-ab47-401853f84281",
    "data": [
      {
        "text": "Vale",
        "alias": "geo-city",
        "meta": "@sys.geo-city",
        "userDefined": false
      }
    ],
    "isTemplate": false,
    "count": 0,
    "updated": 1516724505
  },
  {
    "id": "3aaafb27-0999-498a-9075-fd9f4d370a1b",
    "data": [
      {
        "text": "Si",
        "userDefined": false
      }
    ],
    "isTemplate": false,
    "count": 0,
    "updated": 1516724505
  }
]